s腹,
1.程才X,1.程ぃ才X
2.程才X,2.程ぃ才X
3.程才X,3.程ぃ才X
4.程才X,4.程ぃ才X
5.程才X,5.程ぃ才X
6.程才X,6.程ぃ才X
7.程才X,7.程ぃ才X
8.程才X,8.程ぃ才X
9.程才X,9.程ぃ才X
10.程才X,10.程ぃ才X
11.程才X,11.程ぃ才X
12.程才X,12.程ぃ才X
13.程才X,13.程ぃ才X
14.程才X,14.程ぃ才X
15.程才X,15.程ぃ才X
16.程才X,16.程ぃ才X
17.程才X,17.程ぃ才X
18.程才X,18.程ぃ才X
19.程才X,19.程ぃ才X
20.程才X,20.程ぃ才X
21.程才X,21.程ぃ才X
22.程才X,22.程ぃ才X
23.程才X,23.程ぃ才X
24.程才X,24.程ぃ才X
25.程才X,25.程ぃ才X
26.程才X,26.程ぃ才X
27.程才X,27.程ぃ才X
28.程才X,28.程ぃ才X
29.程才X,29.程ぃ才X
30.程才X,30.程ぃ才X
31.程才X,31.程ぃ才X
32.程才X,32.程ぃ才X
33.程才X,33.程ぃ才X
34.程才X,34.程ぃ才X
35.程才X,35.程ぃ才X
36.程才X,36.程ぃ才X
37.程才X,37.程ぃ才X
38.程才X,38.程ぃ才X
